snr-08,r25,60kHz,b2,K4,HSCC,,,0.9700
snr-08,r25,60kHz,b2,K4,JSAC,,,0.8500
snr-08,r25,60kHz,b2,K4,ZTE,,,0.4500
snr-10,r25,60kHz,b2,K4,HSCC,,,0.7300
snr-10,r25,60kHz,b2,K4,JSAC,,,0.4900
snr-10,r25,60kHz,b2,K4,ZTE,,,0.1000
snr-12,r25,60kHz,b2,K4,HSCC,,,0.4800
snr-12,r25,60kHz,b2,K4,JSAC,,,0.1600
snr-12,r25,60kHz,b2,K4,ZTE,,,0.0000
snr-14,r25,60kHz,b2,K4,HSCC,,,0.1000
snr-14,r25,60kHz,b2,K4,JSAC,,,0.0000
snr-14,r25,60kHz,b2,K4,ZTE,,,0.0000
snr-16,r25,60kHz,b2,K4,HSCC,,,0.0000
snr-16,r25,60kHz,b2,K4,JSAC,,,0.0000
snr-16,r25,60kHz,b2,K4,ZTE,,,0.0000
snr-18,r25,60kHz,b2,K4,HSCC,,,0.0000
snr-18,r25,60kHz,b2,K4,JSAC,,,0.0000
snr-18,r25,60kHz,b2,K4,ZTE,,,0.0000
snr-20,r25,60kHz,b2,K4,HSCC,,,0.0000
snr-20,r25,60kHz,b2,K4,JSAC,,,0.0000
snr-20,r25,60kHz,b2,K4,ZTE,,,0.0000
