snr-08,ue,01,HSCC,0.9100
snr-08,ue,01,JSAC,0.6700
snr-08,ue,01,ZTE,0.9000
snr-10,ue,01,HSCC,0.7700
snr-10,ue,01,JSAC,0.7300
snr-10,ue,01,ZTE,0.4700
snr-12,ue,01,HSCC,0.5800
snr-12,ue,01,JSAC,0.3700
snr-12,ue,01,ZTE,0.1500
snr-14,ue,01,HSCC,0.2100
snr-14,ue,01,JSAC,0.1200
snr-14,ue,01,ZTE,0.0000
snr-16,ue,01,HSCC,0.0500
snr-16,ue,01,JSAC,0.0000
snr-16,ue,01,ZTE,0.0000
snr-18,ue,01,HSCC,0.0000
snr-18,ue,01,JSAC,0.0000
snr-18,ue,01,ZTE,0.0000
snr-20,ue,01,HSCC,0.0000
snr-20,ue,01,JSAC,0.0000
snr-20,ue,01,ZTE,0.0000
