snr-08,HSCC,r25,60kHz,b3,,0.9800
snr-08,JSAC,r25,60kHz,b3,,0.8300
snr-08,ZTE,r25,60kHz,b3,,0.3600
snr-10,HSCC,r25,60kHz,b3,,0.7500
snr-10,JSAC,r25,60kHz,b3,,0.6200
snr-10,ZTE,r25,60kHz,b3,,0.0000
snr-12,HSCC,r25,60kHz,b3,,0.4200
snr-12,JSAC,r25,60kHz,b3,,0.1600
snr-12,ZTE,r25,60kHz,b3,,0.0000
snr-14,HSCC,r25,60kHz,b3,,0.0600
snr-14,JSAC,r25,60kHz,b3,,0.0000
snr-14,ZTE,r25,60kHz,b3,,0.0000
snr-16,HSCC,r25,60kHz,b3,,0.0000
snr-16,JSAC,r25,60kHz,b3,,0.0000
snr-16,ZTE,r25,60kHz,b3,,0.0000
snr-18,HSCC,r25,60kHz,b3,,0.0000
snr-18,JSAC,r25,60kHz,b3,,0.0000
snr-18,ZTE,r25,60kHz,b3,,0.0000
snr-20,HSCC,r25,60kHz,b3,,0.0000
snr-20,JSAC,r25,60kHz,b3,,0.0000
snr-20,ZTE,r25,60kHz,b3,,0.0000
