snr-08,HSCC,r25,60kHzb2,K4,ue01.csv,,0.52,,,,,,,,,,
snr-08,HSCC,r25,60kHzb3,K4,ue01.csv,,0.55,,,,,,,,,,
snr-08,HSCC,r25,60kHzb4,K8,ue01.csv,,0.73,,,,,,,,,,
snr-08,HSCC,r25,60kHzb6,K8,ue01.csv,,0.77,,,DRMS,-20,-18,-16,-14,-12,-10,-8
snr-10,HSCC,r25,60kHzb2,K4,ue01.csv,,0.59,,,B2K4,0.57,0.62,0.46,0.63,0.53,0.59,0.52
snr-10,HSCC,r25,60kHzb3,K4,ue01.csv,,0.73,,,B3K4,0.56,0.54,0.54,0.49,0.57,0.73,0.55
snr-10,HSCC,r25,60kHzb4,K8,ue01.csv,,0.78,,,B4K8,0.79,0.63,0.74,0.82,0.8,0.78,0.73
snr-10,HSCC,r25,60kHzb6,K8,ue01.csv,,0.75,,,B6K8,0.72,0.71,0.7,0.72,0.75,0.75,0.77
snr-12,HSCC,r25,60kHzb2,K4,ue01.csv,,0.53,,,,,,,,,,
snr-12,HSCC,r25,60kHzb3,K4,ue01.csv,,0.57,,,,,,,,,,
snr-12,HSCC,r25,60kHzb4,K8,ue01.csv,,0.8,,,,,,,,,,
snr-12,HSCC,r25,60kHzb6,K8,ue01.csv,,0.75,,,,,,,,,,
snr-14,HSCC,r25,60kHzb2,K4,ue01.csv,,0.63,,,,,,,,,,
snr-14,HSCC,r25,60kHzb3,K4,ue01.csv,,0.49,,,,,,,,,,
snr-14,HSCC,r25,60kHzb4,K8,ue01.csv,,0.82,,,,,,,,,,
snr-14,HSCC,r25,60kHzb6,K8,ue01.csv,,0.72,,,,,,,,,,
snr-16,HSCC,r25,60kHzb2,K4,ue01.csv,,0.46,,,,,,,,,,
snr-16,HSCC,r25,60kHzb3,K4,ue01.csv,,0.54,,,,,,,,,,
snr-16,HSCC,r25,60kHzb4,K8,ue01.csv,,0.74,,,,,,,,,,
snr-16,HSCC,r25,60kHzb6,K8,ue01.csv,,0.7,,,,,,,,,,
snr-18,HSCC,r25,60kHzb2,K4,ue01.csv,,0.62,,,,,,,,,,
snr-18,HSCC,r25,60kHzb3,K4,ue01.csv,,0.54,,,,,,,,,,
snr-18,HSCC,r25,60kHzb4,K8,ue01.csv,,0.63,,,,,,,,,,
snr-18,HSCC,r25,60kHzb6,K8,ue01.csv,,0.71,,,,,,,,,,
snr-20,HSCC,r25,60kHzb2,K4,ue01.csv,,0.57,,,,,,,,,,
snr-20,HSCC,r25,60kHzb3,K4,ue01.csv,,0.56,,,,,,,,,,
snr-20,HSCC,r25,60kHzb4,K8,ue01.csv,,0.79,,,,,,,,,,
snr-20,HSCC,r25,60kHzb6,K8,ue01.csv,,0.72,,,,,,,,,,
