snr-08,HSCC,r25,60kHz,1.0000
snr-08,JSAC,r25,60kHz,0.8800
snr-08,ZTE,r25,60kHz,0.8800
snr-10,HSCC,r25,60kHz,0.8100
snr-10,JSAC,r25,60kHz,0.8300
snr-10,ZTE,r25,60kHz,0.5300
snr-12,HSCC,r25,60kHz,0.6500
snr-12,JSAC,r25,60kHz,0.5400
snr-12,ZTE,r25,60kHz,0.1900
snr-14,HSCC,r25,60kHz,0.2500
snr-14,JSAC,r25,60kHz,0.1800
snr-14,ZTE,r25,60kHz,0.0100
snr-16,HSCC,r25,60kHz,0.0700
snr-16,JSAC,r25,60kHz,0.0400
snr-16,ZTE,r25,60kHz,0.0000
snr-18,HSCC,r25,60kHz,0.0000
snr-18,JSAC,r25,60kHz,0.0000
snr-18,ZTE,r25,60kHz,0.0000
snr-20,HSCC,r25,60kHz,0.0100
snr-20,JSAC,r25,60kHz,0.0000
snr-20,ZTE,r25,60kHz,0.0000
